{"train loss": 1.2043020725250244, "step": 27, "epoch": 1, "_timestamp": 1719470575.71127, "_runtime": 413.27228808403015, "_step": 26, "_wandb": {"runtime": 436}}