{"train loss": 1.4018781185150146, "step": 4, "epoch": 1, "_timestamp": 1719459640.343704, "_runtime": 73.5117769241333, "_step": 3}